0	#男愛称's seat... The seat...!!
1	#男愛称...! I... I...!
2	#男愛称! We'll be immobilized in 34 seconds! Destroy Medius, quickly!!
3	...#男愛称, are you feeling all right?
4	...How is #男愛称 doing...?
5	......#男愛称......
6	...I'm sorry... #男愛称.
7	...Being single is hard on both of us, isn't it?
8	...Wh-what do we do, #男愛称!?
9	...Honestly. You're younger than me, yet you aren't cute at all.
10	...All right. I'll run a simulation.
11	...Dr. Zapato, right?
12	...The TE limiter?
13	Ah... I-I'm sorry.
14	Um...
15	Why would you do something like that...!?
16	N-no...!! This can't... It can't be!!
17	Y-yes......
18	Yes. As your partner, I'll do what I can... so we can get results together.
19	Right! If it becomes a long-range fight, leave it to my Form S!
20	I-I'm sorry... I... I...!
21	I-I'm sorry... I said such awful things to you without knowing any of that...
22	Th-then...!
23	You're sorry...? You...
24	Th-the front seat... It's been... crushed!!
25	That's not it... I don't intend to die...
26	That's right! I'm not getting out until we get proper results!
27	You only just recovered, like Akito. Your body still needs time.
28	Then what happens to the TE Engine's output adjustments?
29	And... what's the new unit called?
30	Even so... I...
31	And what are these optional parts?
32	And what are those wolf and bird machines?
33	Besides, don't you have some connection to Ms. Eldeh Mitte, Doctor?
34	I know that perfectly well.
35	Never mind that! What's wrong!? You're deathly pale!
36	I can't do that!
37	This isn't a little risk! We could end up unable to move!
38	It's just... I want to talk to my teacher again...
39	Hey! Where are you going!? Wait!
40	B-but... She stole Medius... She became my enemy...
41	B-but your body...!
42	B-but I don't know...! I can't predict it!!
43	B-but I can't! I can't fight my teacher!
44	Still, take it easy for a while, all right?
45	What should I do...? I...!
46	Wh-why...? Why...? Why would my teacher do that...?
47	Then why won't you get examined? Don't tell me you're afraid of needles!
48	H-hey, are you really all right? Shouldn't you go to the infirmary?
49	Yes, yes. I'm just a co-pilot with hardly any combat experience.
50	Don't give me that! You always tell me to leave piloting #機体名 and fighting to you!
51	If something else happens, you might have to pilot #機体名 again...
52	A-all right! I'm disengaging the limiter!!
53	I-I don't know...! So much has happened...!
54	All right. Whatever happens, Medius has to...!
55	All right! Deploying Terminus Energy absorption plates! Opening the bypass!
56	D-Dr. Zapato...! Why are you aboard the Nadesico!?
57	Medius has stopped moving...! This is our chance, #男愛称!!
58	So you're just going to shrug it off!? Now I'm furious! I'll stay aboard out of sheer spite!
59	Why would my teacher do this to me...!?
60	What's with that attitude!? Who do you think you are!?
61	Why do I have to fight my teacher...!?
62	I'll talk to her... If that doesn't work, then...
63	No way! I'll show you I can do my job properly!
64	It's fine. I promised Rain, too.
65	Orders...? But Dr. Zapato isn't here anymore...!
66	It transforms...!
67	Finding out we've been sitting on a bomb... That's no joke!
68	The unit's shape is changing...!
69	Confirm...? You...
70	What... should I do...!?
71	I... I don't know what to do...!
72	I'm a TE Absorber pilot starting today, too, you know?
73	I don't want to put it behind me... My teacher... My relationship with her...
74	Disengage it...!? That'll overheat the engine, won't it?
75	Training? Is that acquaintance the commander of your old special forces unit?
76	Answer me!! #男愛称!!!
77	The TE Engine's output is stable! We're going after Medius!
78	! Repairs...!?
79	#女愛称...
80	#女愛称, full TE Engine output! Don't let it drop into the yellow zone!
81	#女愛称! Don't let him distract you! The output's entering the yellow zone!!
82	......!!
83	...Very well. We'll take charge of the new unit.
84	...No, it's fine. The rest...
85	...I'm sorry. I never meant to deceive you or the others...
86	...It seems there's more going on behind this than we thought.
87	...Testing the temperamental units before Medius required a strong body.
88	...It's all or nothing. #女愛称, disengage the TE limiter!
89	...What do you want?
90	...An acquaintance of mine is fond of Japan.
91	...I am fighting.
92	...If you've got a complaint, I'll end our partnership anytime. Get out of #機体名.
93	...Are you trying to get yourself killed?
94	Y-yeah...!
95	Yeah... When the Cry Wolves fought the Devil Gundam... I was mortally wounded.
96	Yeah, it's impossible...!
97	Yeah. Albero, Eldeh, Medius... He's behind all of them.
98	Yeah. More to the point, it's #機体名's first battle...
99	Who is that woman?
100	Don't think everything will go your way!
101	Just control the output!!
102	No......
103	I understand how you feel about Eldeh Mitte after what you said earlier.
104	G-ugh...!
105	And that power Medius has... Are you hiding something from us?
106	Otherwise, the Cry Wolves who died will never rest in peace...
107	That's not it. I'm actually rather fond of it.
108	Right. Simulate the unit's condition with it disengaged.
109	That's right. All right, let's go!
110	And you should have left the battlefield to mourn my comrades and your son!
111	Then you'll have to steel yourself.
112	Besides... Whatever started this, I joined the project of my own free will.
113	And now even the project itself looks suspicious...!
114	Besides, I have my duties as a member of #部隊名!
115	Besides, the transformed Medius is too dangerous...
116	I also trained at a Zen temple nearby as part of my training.
117	Don't worry about that, either. Broken parts can be replaced. Just like an MS or super robot.
118	I wanted to pass those things on to the next generation.
119	Do I look that much like a child?
120	Don't look so miserable. As you can see, I'm alive.
121	But it should raise the output temporarily.
122	But we don't know how she feels about you.
123	It's like a mild seizure. It happens sometimes.
124	Then that's fine.
125	More or less.
126	I-I'm all right now... Sorry...
127	All right! Disengage the TE limiter!
128	All right. Then let's get my body "repaired" soon.
129	I know! Adjust the output again!
130	Tch, planning to sit back and watch...! Bastard!
131	The bridge. I'll confirm the mission details with Lieutenant Douglas.
132	That wasn't in the project's specifications.
133	To bring down Medius Locus.
134	To Rain...?
135	As our battles have shown, as long as it has Lasmunanium...
136	This time, I'm here to destroy you for good.
137	That's... what I think.
138	I'm fighting Albero Esto to survive.
139	I was shaken when I learned the commander was piloting Medius, too...
140	If you can't accept it, you'll die.
141	I knew there'd be some risk.
142	I knew there'd be some risk.
143	They have no intention of being friendly. If we don't fight, they'll kill us.
144	I don't want a lecture. Give me stronger medicine.
145	Focus on the battle, #女愛称! Show an opening and they'll get you!!
146	My medicine...! My medicine...
147	Focus. Don't get careless just because adjusting the output has gotten easier.
148	Unit 8...!?
149	I'd heard about Unit 8, but your timing in bringing it here is a little too good.
150	Unit 9...!?
151	I'd heard about Unit 9, but your timing in bringing it here is a little too good.
152	...My arms and legs still move. I'll manage...!
153	Damn, the medicine... It's gradually losing its effect...
154	Damn it! If only my hand had moved back then...!
155	At this rate... I won't be able to move my limbs properly much longer...
156	It's her first real battle... No wonder she's nervous, but...
157	A new unit......
158	Impossible...! My medicine shouldn't have worn off yet...!
159	Black Sarena...!
160	You never get tired of this, do you...? It's been three days already.
161	We must never forget that the bonds between people give us strength.
162	Whoever obtains every Data Weapon shall become the king of the universe...
163	If you can't forgive me, do as you please once this battle is over. But for now...
164	Is that how it works?
165	If you won't fight me, die here. What's the point of living in that body?
166	Defeat the enemy we must defeat and return alive. Everything else... comes after that.
167	Your unit's movements are sluggish. Has your medicine worn off?
168	You must have been lucky enough to cheat death.
169	Could it be... you heard that #機体名 was destroyed...?
170	You're safe... Thank goodness...!
171	...I believe it's a side effect of the medicine.
172	...Y...es......
173	Yes, if he takes more than the prescribed dose at once.
174	And he hasn't received Dr. Zapato's adjustments lately, has he?
175	Dr. Zapato contacted us. He says he'll give him new medicine.
176	My staff has drunk human blood, and my soul has drunk human lives...
177	I'm honored by your praise! In return, I'll give you a taste of my broadsword!
178	Hey! Everyone, we're back!
179	Looks like they've already hit it off with people their own age.
180	What's next...? The Federation took the Giganos moon base, right? Is there more?
181	To put it simply... I helped her draw manga...
182	The bombers will enter the airspace over Tokyo-3 shortly!
183	Toji! Toji, answer me!!
184	Yeah. This is the infirmary, you know?
185	But what happened? Your hand suddenly stopped moving...
186	Yes...
187	Yes, he's in charge of developing #機体名.
188	Even if you have the seventh, I shall not lose!
189	If you intend to take me down with you, it's futile... Altair.
190	Yeah. Having a family really is nice...
191	Still, he's one tough guy.
192	What's he doing coming here now?
193	It's amazing he survived nearly being crushed inside the cockpit.
194	Oh, right. Just to be clear, don't get your hopes up.
195	He's really not going to show up here.
196	We were just looking for somewhere to move to.
197	All units are in position.
198	Wh... What!?
199	What...!?
200	Answer me! What are you planning to do with Dendoh and the Data Weapons!?
201	! R-really!?
202	I'd like your cooperation in bringing this war to a swift conclusion.
203	I think #女愛称 is safe, but #男愛称...!
204	H-he was crushed between the console and the seat by Medius Locus's attack...
205	Huh...!?
206	W-we managed to recover them...
207	Y-yes.
208	Hm? This is... Captain, a Federation transport is requesting permission to land.
209	Hmph... You've grown bigger, but you're still a child in the head!
210	I make lunches for my sisters, too...
211	Because he's perfect as the hero of the hot-blooded boys' manga I'm drawing!
212	All right! The Nahel Argama will descend to Gulfer's home planet! All units, follow us!
213	Heh... Even so, I have no intention of apologizing to you.
214	......About that, actually......
215	No, it's the opposite. #男愛称 is alive.
216	But that is the sin and fate of the people of Arctos, who created Gulfer...
217	Ruri...
218	Brother, aren't you the one who is mistaken... who has been deceived!?
219	Oh... Rubina... Why can't you understand my thinking...?
220	But... I haven't reported this incident to the military yet.
221	How did he find out about #機体名?
222	#男愛称, I've brought parts for your body... and TE Absorber Unit 8.
223	#男愛称, I've brought parts for your body... and TE Absorber Unit 9.
224	Once #男愛称's repairs are finished, take it out for a shakedown.
225	...That's quite a harsh assessment.
226	Yes, leave it to me. I'll adjust you so you can move without medicine this time...
227	#男愛称... you'll be responsible for piloting this form.
228	Yes, your new #機体名.
229	Yes. Unlike before, you won't be a co-pilot...
230	Right. This is Form G... specialized for close-range and melee combat.
231	And this is Form G... specialized for close-range and melee combat.
232	In short, fewer engine problems mean you can concentrate more on combat.
233	Though all that actually changes is where Rouga and Hiou are attached.
234	The unit's adjustments are already complete.
235	I received a report about this incident.
236	I'm counting on your performance, Second Lieutenant #男姓名.
237	I'll arrange new medicine at once. It's improved, with no side effects. That should do for now.
238	The new #機体名 itself transforms between two forms.
239	The new #機体名 has an improved TE Engine.
240	Look. These are the specifications for the new unit.
241	They're normally attached to the base unit. Depending on their position and use...
242	They're normally attached at various points on the base unit. Depending on their position and use...
243	U-um... Please don't fight.
244	He wouldn't let us examine him, so we don't know his actual condition.
245	...Harry, please give the transport permission to land for now.
246	We... We can't let the ship sink here...!
247	There's no need for that.
248	Yes. Rain is giving him emergency treatment now.
249	I understand. We should be on guard, just in case.
250	...As you can see.
251	...I'll fetch his medicine. Please look after him for a while.
252	But we've finished emergency treatment... and he's regained consciousness.
253	! #女愛称...
254	Yeah, you're right... Let's check on him in intensive care...
255	Yeah. #女愛称 was in the rear seat, but...
256	Then try it! Let's see who wins: my fist, bearing others' hopes, or a villain like you!
257	He was in the front seat, yet he survived that impact...
258	Your fists, steeped in malice, are no match for me and Daimos!
259	What if that mechanical god appears from "outside"?
260	And the being that brings the out-of-control play to its close.
261	Don't you have any weapons!? A huge hammer, a guitar, anything!?
262	Even without the seventh, we've got to do something... We've got to defeat Gulfer!
263	Mom says he still hasn't woken up, so we don't really know...
264	And... once again, a deus ex machina was brought in to bring the play to its close.
265	Even so, I wanted to change things. To sever your ties to the past, too.
266	Some theories say it's the Shadow Mirror, the Ruina... or the Einst something...
267	...Anyway, all we can do now is pray he's safe...
268	Could that person be...
269	We must protect the T-Buster at all costs for Operation Doolittle!
270	Wasn't it the Guests or the Aerogaters?
271	You are RahXephon's rightful Instrumentalist... You were born that way.
272	1. Gulfer Emperor and Vector Zero are not@   defeated in the same turn.@2. An allied mothership is shot down.@3. Dendoh or Ogre is shot down.
273	1. Kaine, Tapp, Light or Quattro is shot down.
274	1. Zeorymer or #機体名 is shot down.@2. An allied mothership is shot down.
275	1. Zeorymer is shot down.
276	1. Zeorymer is shot down.@2. An allied mothership is shot down.
277	1. Destroy all enemies except Zero and Legacy.@2. Reduce Legacy's HP to 30% or less.
278	1. Dragonar-1 Custom or Ogre is shot down.@2. An allied mothership is shot down.
279	1. Dragon Flare or Gatling Boar is shot down,@   or Ogre moves adjacent to either.@2. Any allied unit is shot down.
280	1. Baikanfu, Power Riser, Dendoh or Valhalla@   is shot down.@2. An allied mothership is shot down.
281	1. Unicorn Drill is shot down.@2. Dendoh is shot down.@3. Valkyrie is shot down.@4. An allied mothership is shot down.
282	1. Lagowe is shot down.@2. Dendoh or Rom is shot down.@3. An allied mothership is shot down.
283	1. Lagowe is shot down.@2. Dendoh is shot down.@3. An allied mothership is shot down.
284	1. Legacy is shot down.@2. Dragonar-1 Custom or Ogre is shot down.@3. An allied mothership is shot down.
285	1. Reduce Legacy's HP to 30% or less.
286	1. Rom or Quattro is shot down.
287	1. Ogre, Baikanfu, Power Riser, Dendoh or@   Valhalla is shot down.@2. An allied mothership is shot down.
288	1. Destroy all enemies except Ogre, Legacy@   and Zero.@2. Reduce Ogre's HP to 10% or less.
289	1. Find Ogre and Vega.
290	1. Ogre is shot down.
291	1. Ogre is shot down.@2. Baikanfu, Power Riser, Dendoh or Valhalla@   is shot down.@3. An allied mothership is shot down.
292	1. Reduce Ogre's HP to 20% or less.
293	1. Fail to defeat the Spiral Castle Lord@   before the turn limit.@2. Dendoh or Ogre is shot down.@3. An allied mothership is shot down.
294	1. Any allied unit is shot down.
295	1. Any allied unit is shot down.
296	1. Any allied unit is shot down.
297	1. Any allied unit is destroyed.
298	1. Destroy all enemies.@2. Dendoh reaches its destination.
299	1. Shinsei Type II is shot down.@2. A mothership is shot down.
300	1. Dendoh or Rom is shot down.@2. An allied mothership is shot down.
301	1. Dendoh or Ogre is shot down.@2. An allied mothership is shot down.
302	1. Dendoh or Dragon Flare is shot down.@2. An allied mothership is shot down.
303	1. Dendoh, Unicorn Drill, Leo Circle or@   Dragon Flare is shot down.@2. An allied mothership is shot down.
304	1. Dendoh or Ogre is shot down.@2. An allied mothership is shot down.
305	1. Dendoh enters the Gulfer palace basement@   (lower map).
306	1. Dendoh moves adjacent to Dragon Flare@   and Gatling Boar.@2. Destroy all enemies.
307	1. Dendoh moves adjacent to Unicorn Drill.@2. Destroy all enemies.
308	1. Dendoh and Ogre are shot down.@2. An allied mothership is shot down.
309	1. Dendoh and EVA-01 are attacked at least once.@2. Kenryu or Baikanfu is shot down.@3. An allied mothership is shot down.
310	1. Dendoh and EVA-01 are attacked at least once.@2. An allied mothership is shot down.
311	1. Dendoh is shot down.
312	1. Dendoh is shot down.@2. Rom is shot down.@3. An allied mothership is shot down.
313	1. Dendoh is shot down.@2. An allied mothership is shot down.
314	1. Dendoh is shot down.@2. An allied mothership is shot down.@3. Unicorn Drill, Leo Circle, Dragon Flare@   or Gatling Boar is shot down.
315	1. Turn 9 begins.@2. Dendoh, Ogre or Valhalla is shot down.@3. An allied mothership is shot down.
316	1. EVA-01 is attacked at least once.@2. Kenryu or Baikanfu is shot down.@3. Dendoh is shot down.@4. An allied mothership is shot down.
317	#男愛称, it's me. May I come in?
318	#男愛称? What's wrong? Hey, #男愛称!
319	That's how AI1 works, isn't it?
320	First, we must teach Medius and AI1 the terror of real combat.
321	Very well... Let's teach Medius and AI1 the terror of real combat.
322	Black Wolf to all units! Fall back at once! Get away from the main body!
323	They're defective, after all. So are their pilots.
